"","Y"
"1",12.4003593850862
"2",-3.685398675463
"3",10.1810898065441
"4",20.0431733222511
"5",-3.07103450621934
"6",-16.6626107085687
"7",4.85407432043194
"8",-0.00224522861529586
"9",18.6002362425622
"10",-4.25925671077905
"11",9.74403367036897
"12",4.79769104271593
"13",1.89007707666815
"14",11.9754671452605
"15",0.173228229820334
"16",9.46025785248468
"17",5.84048084554469
"18",-0.893052616779748
"19",16.1260124907002
"20",6.49596943635585
"21",-0.792224995554935
"22",-3.17377125311469
"23",9.38166903287808
"24",-8.00755158368523
"25",5.05801174863814
"26",-0.439617352251584
"27",19.6611497243679
"28",8.59821251322738
"29",1.94219772918153
"30",6.66939078398758
"31",-2.48403116155517
"32",5.94286462104781
"33",10.709181173309
"34",-16.8737517661888
"35",-10.7977700423994
"36",12.7350421740891
"37",0.621854660123644
"38",0.42544643926167
"39",16.1121633454013
"40",-5.38438300178676
"41",4.10040046330896
"42",6.50544591459464
"43",4.73652196881894
"44",1.20191248963858
"45",-5.25569276385787
"46",18.1265011319514
"47",0.354522419415488
"48",1.99507414442613
"49",16.7076194729689
"50",5.01835787593135
"51",23.7567338507799
"52",17.8809374405872
"53",3.4933578333347
"54",-2.75312520671933
"55",3.25375770980819
"56",9.70136860533717
"57",2.54567210055137
"58",1.01734979940045
"59",-0.0132514089417484
"60",10.894923413477
"61",-4.41250071406527
"62",9.46291885649229
"63",-2.81918173014274
"64",5.55354608033094
"65",12.4252789792784
"66",3.4956389240411
"67",3.51640037613973
"68",10.7818040545929
"69",6.35315927797904
"70",-7.13108164089109
"71",15.3167081325838
"72",-1.24443217665114
"73",11.4281271843122
"74",-0.526053315367139
"75",3.47917865295653
"76",1.50983027688237
"77",6.95789993858658
"78",8.53974948539884
"79",-8.07945982491465
"80",3.16116064345531
"81",2.08128898506318
"82",-2.43421725584961
"83",4.09894550344139
"84",6.49285024779975
"85",4.38744428782389
"86",-3.32401065931712
"87",2.17065789372363
"88",-1.04453447779598
"89",12.4405668980824
"90",1.43772127366669
"91",6.66028033310036
"92",3.46663670505529
"93",-1.85859984038099
"94",13.5588502462483
"95",-4.12716701494696
"96",7.08233414254912
"97",12.1392009795542
"98",8.84164697126301
"99",1.88958953158794
"100",6.0936857947433
"101",6.471774264874
"102",-3.834599486164
"103",2.72804454235187
"104",-11.5625570898928
"105",2.96619126406631
"106",14.0002490639981
"107",4.29300120870258
"108",0.858448353846851
"109",-8.75955324929777
"110",6.20757775439208
"111",8.23740523945116
"112",14.7406542102899
"113",6.63084922882101
"114",-5.90905102796248
"115",13.7690709602656
"116",14.3493041235456
"117",0.0143951234368362
"118",-2.46154959984632
"119",4.86974132777536
"120",-2.78778041010951
"121",2.06562133585793
"122",15.8078906175578
"123",6.560291916183
"124",-1.24891660777572
"125",-6.07222260687219
"126",3.54156287864282
"127",-2.91227494922385
"128",12.0935316509891
"129",1.60817596137541
"130",-8.71741645843962
"131",17.3904018368982
"132",9.83072759086057
"133",-4.78473213764087
"134",1.00638652638159
"135",6.22209310689288
"136",-4.04842143162926
"137",0.380061117139583
"138",8.36783939823636
"139",-1.02742968296253
"140",8.90311212636223
"141",-4.07030565810491
"142",12.40754314835
"143",3.54781170065752
"144",2.00182811400709
"145",13.7037803162707
"146",-7.82542331482722
"147",16.9840944894822
"148",11.7182083037183
"149",-2.73126791453607
"150",4.30380495590483
"151",10.8876637345032
"152",-3.13645910561605
"153",3.20641395098323
"154",19.0419438774113
"155",3.35088110672146
"156",20.1787015816436
"157",-3.53509062054337
"158",18.8523287917239
"159",10.6834217543015
"160",2.6948109866198
"161",15.8128320131569
"162",-9.05976385211385
"163",-1.92492606777164
"164",10.7715455864188
"165",-0.733709382623415
"166",-12.1840437330622
"167",8.39312380603806
"168",-6.63012762152511
"169",3.49074267549668
"170",-2.40270889576379
"171",13.8937853255646
"172",7.82015976576821
"173",-3.19671076062609
"174",0.825176546300152
"175",-8.73054947128549
"176",15.4094927324294
"177",23.1375998506307
"178",-6.4790622748278
"179",1.68675614654739
"180",14.5676668101427
"181",3.3494972327983
"182",-3.47552149581572
"183",8.75747733276924
"184",0.803348409848318
"185",3.76388557505008
"186",4.68374165538033
"187",1.33382137519223
"188",9.66374613167868
"189",-3.24054973740127
"190",9.30630259557701
"191",-4.70024483313284
"192",2.83705680669084
"193",11.1081635699711
"194",-4.08480991272798
"195",-6.99571030902096
"196",7.9847115956461
"197",-1.1166442420208
"198",-2.9085509732292
"199",2.61270407689627
"200",-7.50647021986613
"201",1.38450733942909
"202",13.1093723209282
"203",-0.520717599810164
"204",0.833420923844668
"205",8.23843887555337
"206",18.4624852279334
"207",-3.87018690020791
"208",10.8793939270693
"209",15.9376596376378
"210",-10.4083228233685
"211",8.96914010305237
"212",12.3700219880416
"213",14.5140140286798
"214",-8.34917802876947
"215",3.65214851385717
"216",-5.16164948705857
"217",22.9855986947386
"218",11.8323830481401
"219",-0.549561796425795
"220",9.97022792784626
"221",-6.78358029324954
"222",4.61845807854695
"223",0.635798366949958
"224",16.9210764498757
"225",2.09029237329278
"226",0.0826617957698801
"227",15.5157797988918
"228",4.06978294507469
"229",5.83891061691213
"230",-4.92432796195701
"231",14.9343554315734
"232",4.3778296749571
"233",9.32153107675357
"234",5.27007548969528
"235",2.99883897902265
"236",0.156619062926147
"237",13.2663568148693
"238",15.6148316306776
"239",-6.04769617936319
"240",14.5055639905439
"241",11.4864915287289
"242",-7.88074657071445
"243",9.69972126749996
"244",8.20865960141713
"245",-5.15493669627582
"246",-8.09863742108611
"247",1.58882264154826
"248",2.02617293921796
"249",16.8915146181981
"250",6.07290041855437
"251",16.0576242074591
"252",5.48011085562777
"253",-6.63058107568445
"254",5.29627248028317
"255",-1.66015693003843
"256",5.35606903307799
"257",0.838846319553268
"258",1.67193804310448
"259",3.26789034279005
"260",8.69649270262163
"261",4.39258933830057
"262",-2.00540601444192
"263",5.75741686715332
"264",-2.67925051864358
"265",19.8872100131162
"266",6.39531058840522
"267",13.265471448877
"268",13.3486272510948
"269",-4.90680023029165
"270",12.1130362543892
"271",-4.58810048179735
"272",10.7623068113971
"273",11.2761401639955
"274",1.44669772063084
"275",0.522191725563096
"276",0.644170371767439
"277",5.42706669196829
"278",-14.1466782997465
"279",4.12467647654832
"280",-2.18944525673042
"281",7.4733198914157
"282",6.75084397484144
"283",1.81498860017567
"284",6.82801573730652
"285",-1.19528065279132
"286",7.79977809527109
"287",3.69352514370663
"288",4.86772180001456
"289",6.36635068580599
"290",-5.11151446452012
"291",5.92254898954908
"292",13.9353067968238
"293",-1.19376719096035
"294",-0.925674930286497
"295",12.5558578216746
"296",-0.380649327568342
"297",2.89685319678074
"298",7.05502622562032
"299",4.55262592433162
"300",13.3741797546631
"301",7.35630788850725
"302",5.15924044694282
"303",0.295445497480772
"304",17.100495369187
"305",18.5280296240589
"306",-3.06789837122415
"307",10.0667593278031
"308",1.73045468875405
"309",-6.09517692448073
"310",-3.4650022397823
"311",-2.61815661632217
"312",-6.82922628093704
"313",12.1204247534184
"314",-8.51502424482621
"315",7.29491641593988
"316",5.31790215594879
"317",0.0421938519637699
"318",8.7129994268106
"319",-8.75701777763088
"320",7.23022870989214
"321",10.7604258834156
"322",-5.12651858965889
"323",8.09784157906237
"324",13.5614039711006
"325",-7.45910142201889
"326",-5.77080882646825
"327",6.2100628276338
"328",-6.43303605729548
"329",3.00515405249079
"330",-0.472933753177206
"331",2.33324926730513
"332",8.01266203359157
"333",-7.44307971624963
"334",2.09785045196385
"335",-9.00670423884698
"336",2.97267261382853
"337",8.61707461910305
"338",-0.693672940076137
"339",4.53575713244933
"340",11.2553478753853
"341",-6.95054423160619
"342",6.85222439671862
"343",1.76653646517308
"344",7.49585935572634
"345",13.7382585657222
"346",0.481831185423345
"347",2.7691957348938
"348",-0.0154526645480839
"349",4.294621769223
"350",1.04503365595866
"351",-7.01202174124107
"352",-1.49755570071526
"353",19.3841183771148
"354",-1.22844587293817
"355",1.98417810725865
"356",7.3117340306913
"357",4.66703636075463
"358",-12.7045586044342
"359",-0.344729737137596
"360",-7.27181443333877
"361",14.6683091686934
"362",-1.78974375360986
"363",8.58305937212441
"364",12.2550226267854
"365",-12.5611955040083
"366",22.849909022753
"367",-12.8708911461965
"368",15.0584652301176
"369",8.5217675252259
"370",-1.486609436722
"371",3.93225511554919
"372",9.02367159606324
"373",1.87341014155846
"374",-7.17129959673135
"375",1.01919765595049
"376",9.14617936001352
"377",1.50112024723439
"378",4.86098085411998
"379",4.07101594669266
"380",10.6448041818061
"381",3.62037042387592
"382",10.7067699036691
"383",11.8962718745688
"384",0.313417787580518
"385",5.52244795783833
"386",-4.06419303873759
"387",1.86964563615592
"388",20.0211935158012
"389",-1.43509953767783
"390",-3.850340957073
"391",-0.49750983831795
"392",4.90201324650042
"393",13.1290494310345
"394",8.41742473974353
"395",-0.0680890971136652
"396",1.75317036229902
"397",0.346246936619428
"398",6.55273982121848
"399",-3.34621712351784
"400",2.90799106849489
"401",16.7989854717673
"402",-12.5514231278286
"403",10.7913014323801
"404",5.39317728188209
"405",6.95484354109666
"406",1.14955652592489
"407",5.94142634676335
"408",-5.3723677959271
"409",5.90573627126754
"410",2.76632134461452
"411",-2.5680901940412
"412",31.1014743476536
"413",-5.64170423290632
"414",18.6436913999196
"415",-14.8654918404844
"416",10.9898727052041
"417",6.49237388454796
"418",7.17325990693664
"419",-0.133349448681692
"420",9.97503424574699
"421",3.69660666556695
"422",-12.2573634028489
"423",23.7226812295962
"424",1.95924465996023
"425",5.14623663931299
"426",-4.53120819491902
"427",4.52430735514325
"428",4.08847510222922
"429",-6.61673845173544
"430",5.17940793898736
"431",-0.885224583411863
"432",9.04342392349531
"433",11.2041630066357
"434",-1.37269976123197
"435",8.22476515725426
"436",9.55058854950389
"437",2.59347421410608
"438",0.142674001073281
"439",13.2502837335425
"440",-1.89532012377529
"441",9.06838638048503
"442",2.87405246526101
"443",14.8007431570064
"444",16.3254893090619
"445",0.997052593112309
"446",21.8900821721809
"447",12.7617056840244
"448",18.3829237816181
"449",9.27724907919292
"450",-3.6052720194626
"451",15.3480202042379
"452",12.9047116875333
"453",-1.43443670831722
"454",2.8719029055566
"455",5.32237123598804
"456",0.507853935578197
"457",5.35288240111323
"458",-0.456010070146588
"459",9.03734059583709
"460",13.2056229150411
"461",11.1040426458526
"462",13.6167022566031
"463",-5.13157873921679
"464",21.0938746450487
"465",11.3774674605469
"466",2.42952313770115
"467",9.27878545358785
"468",11.2675997423066
"469",-4.25781754384851
"470",-6.68672183155326
"471",8.5355896198763
"472",3.04297165141109
"473",15.4913200893109
"474",-9.48600252158881
"475",13.0185385288701
"476",4.67326838610443
"477",-10.0449620060644
"478",14.4388649433701
"479",1.13499782257501
"480",9.95258406799863
"481",9.1758596537302
"482",1.62660706445475
"483",7.77891072983773
"484",7.67537635436789
"485",6.06551229084005
"486",-11.6188310313405
"487",-1.07362774053461
"488",-1.88564027283564
"489",2.67835769745587
"490",-0.488195736606436
"491",2.85017215055447
"492",22.6389322238445
"493",-3.98454244194519
"494",4.87525395570677
"495",-4.52484343354341
"496",15.3912858569302
"497",9.79631671849758
"498",9.30036621525761
"499",-3.77723051278219
"500",14.9371561640419
"501",-4.7451789585662
"502",-3.1613052116041
"503",4.94794723363829
"504",2.64456607878577
"505",7.94288796457538
"506",-4.06564897217887
"507",-3.65808626432839
"508",17.0429589984466
"509",-7.05719205524578
"510",4.28263961357878
"511",8.14104483419458
"512",17.9470606372556
"513",11.6944699864868
"514",-1.92791317540434
"515",5.74255202997069
"516",10.1260535181377
"517",4.69048128045162
"518",8.77306906152266
"519",4.54552587983445
"520",7.26105796478307
"521",21.0875057867994
"522",5.62156104997544
"523",-0.189185500155058
"524",11.594491706926
"525",-2.1745995935267
"526",-0.0425693040523747
"527",-12.1670761506341
"528",12.6619307495914
"529",15.8166149179501
"530",-3.36166413932878
"531",-1.48729818194039
"532",19.7144567952855
"533",0.100142955698872
"534",-13.6735833709675
"535",7.01135898623948
"536",0.919620991675918
"537",-1.73141528560349
"538",-3.19580267447465
"539",2.46813993554655
"540",4.3398891787619
"541",-8.00905527619875
"542",10.1425379027072
"543",-12.1584132814865
"544",17.2879430212738
"545",23.3516058974588
"546",-10.5482721846416
"547",8.97151627853377
"548",6.93367325634645
"549",6.43762026467133
"550",-4.25129318567008
"551",-0.0621146745987335
"552",-5.06310768945894
"553",2.844600467981
"554",0.470499740636521
"555",3.73562464381095
"556",2.07234531663758
"557",-7.49242292773113
"558",7.11844118287418
"559",-0.144522107246407
"560",8.70267837953945
"561",5.37494645064181
"562",-0.994851310520548
"563",8.32333482121311
"564",13.6487610084072
"565",-1.3514167885455
"566",2.44176167067974
"567",3.70885813419804
"568",5.08190272177837
"569",19.5951083503358
"570",-1.18524662708414
"571",2.38156726247216
"572",10.0337700271098
"573",3.4256555592446
"574",12.9349505959262
"575",-5.75777051702588
"576",16.211135148714
"577",13.0961146774802
"578",2.62076870605476
"579",3.57379144982263
"580",14.0270326163306
"581",10.4632029354934
"582",-1.21568021833877
"583",5.35494341756729
"584",2.71098950202722
"585",0.789327677222597
"586",-3.77230821251063
"587",-2.71151626308744
"588",-5.22137726427117
"589",-6.08627187201395
"590",16.7055279833916
"591",-13.2980170555694
"592",6.77332496585678
"593",8.98874885587314
"594",-2.24788376602965
"595",3.35979948379422
"596",7.09113785362054
"597",12.5489861733509
"598",-11.630478588161
"599",10.8286848293364
"600",-4.12535301993951
"601",3.44361941888438
"602",-5.45470273393349
"603",-2.7566632853336
"604",3.97688478006266
"605",-3.79578170518055
"606",18.6329732786129
"607",-0.76445828199815
"608",7.16890212154882
"609",5.64995946032143
"610",-2.74552514590885
"611",12.7755991584472
"612",22.0147181002041
"613",-4.78479702127107
"614",3.12777957273209
"615",1.54719677223927
"616",-1.63794722169443
"617",1.60173481209784
"618",3.68537864120684
"619",-1.21302082398927
"620",11.6634489985038
"621",-1.66907000028087
"622",27.4240716225682
"623",-0.310189810680193
"624",0.599237611878842
"625",11.6961305198063
"626",-2.30638616455418
"627",13.1161111367629
"628",16.0583043014384
"629",15.4265399267059
"630",-11.1415708693472
"631",7.73349927374698
"632",-10.9240611806399
"633",16.2555984767263
"634",2.06833865023125
"635",11.2645028057641
"636",-4.31598414034142
"637",4.86693000504465
"638",11.1824265527662
"639",-12.0462816651146
"640",15.5513937428798
"641",12.0609016239977
"642",12.5310384510351
"643",13.5791283858574
"644",14.2744419653498
"645",-3.15764423739555
"646",3.5361664045401
"647",-1.23087512982332
"648",10.3585453819248
"649",-6.05053618538354
"650",2.71192021224295
"651",10.1932793104276
"652",9.14125606079174
"653",-6.43338310512173
"654",6.71407728211972
"655",5.02831530614193
"656",8.03204619397093
"657",17.7750774755639
"658",-2.22899919902709
"659",10.1021649975392
"660",12.9538964158189
"661",6.99620990397816
"662",-10.8879677914782
"663",4.81720988314779
"664",-2.17638918040527
"665",9.08880596633511
"666",-0.312272953916622
"667",8.76644273848834
"668",12.3382681332801
"669",-0.284084508187589
"670",15.3264146359455
"671",-4.77394382898186
"672",8.87729728097743
"673",5.198721859197
"674",-1.89228435739535
"675",-1.32016684794521
"676",8.75346862055588
"677",4.47869143856207
"678",1.84912568817706
"679",0.0160674968204129
"680",6.31612061708541
"681",11.3412380465105
"682",-7.95308599561996
"683",0.877980741467961
"684",13.896071357748
"685",4.97029328984091
"686",5.37000760638036
"687",-6.51881131109103
"688",4.02677395254732
"689",16.6528751358363
"690",6.50582546182414
"691",22.676629404479
"692",10.8724643527801
"693",-0.681002298599742
"694",-11.7705260882332
"695",3.14405555595279
"696",0.152170137389378
"697",18.5162077472254
"698",-6.90742112322137
"699",0.232289383823352
"700",5.95590522788913
"701",-8.37835760295044
"702",4.3086764678369
"703",4.3962096461964
"704",8.73638692337091
"705",21.5628605047599
"706",2.84763774684637
"707",17.7242180571237
"708",13.5171832175941
"709",-3.61813857670755
"710",1.43595108181871
"711",2.16214882353443
"712",-2.91105630169722
"713",17.5769261121643
"714",-1.74395533211625
"715",3.95031156802304
"716",14.2087069836129
"717",4.12793550121955
"718",17.8660794816255
"719",-5.4403316688926
"720",13.4528887886512
"721",12.7835276151257
"722",-9.16537744607041
"723",9.56341734165336
"724",3.28770434786529
"725",7.51579384774849
"726",-9.88486125849035
"727",7.76103150485443
"728",-9.01786219335579
"729",2.35362926289487
"730",6.55753197583128
"731",17.9680105211918
"732",5.12754226604322
"733",-8.37866551103986
"734",25.4009996380048
"735",-9.95099231499118
"736",11.2073054764653
"737",3.779587867477
"738",-7.31413661226926
"739",10.3209948910256
"740",11.1436247960181
"741",7.54551393253727
"742",-10.9257854631512
"743",4.91333763013492
"744",9.60115496812741
"745",0.273543618379457
"746",11.1802106900841
"747",2.22999596270179
"748",4.73563434240851
"749",-4.0416714160451
"750",15.0068666614711
"751",-3.20798604270571
"752",15.9796015217142
"753",8.16626366035801
"754",3.44378822556291
"755",8.4170017277586
"756",4.99040770095573
"757",-4.26778577917704
"758",-2.65026732906815
"759",10.1911215172415
"760",3.29790072728247
"761",8.05359875131146
"762",-2.86286857619709
"763",-2.0466406193869
"764",4.97469705867281
"765",8.10302678086142
"766",9.46202568080127
"767",-14.7115948052078
"768",9.67922048604333
"769",9.67382545879087
"770",-5.60104703693926
"771",17.7182632660066
"772",10.0049016020162
"773",0.17505814751205
"774",-9.31942998755532
"775",1.02521180347366
"776",-3.83560410104238
"777",5.63957940031404
"778",0.000249457666123831
"779",1.55413419547946
"780",-2.80096946429383
"781",2.89330419017946
"782",4.96601502486826
"783",3.68663762263089
"784",-5.26352972221704
"785",19.1911995408311
"786",1.32425255752018
"787",-3.95425605439632
"788",-0.452786281207431
"789",-4.25220039247283
"790",-1.0639267501993
"791",3.29520027178224
"792",-6.14670758623233
"793",10.0223892449768
"794",8.05883487597612
"795",4.07626584194724
"796",6.95585078692897
"797",6.65327874601243
"798",12.4348209666375
"799",1.07528643388474
"800",2.0704951391198
"801",12.3501774899545
"802",3.88821265454219
"803",12.9973570287709
"804",12.633179476858
"805",6.96174326533774
"806",-10.4502964062846
"807",14.3265361503557
"808",-8.02895673962687
"809",7.10054596325092
"810",12.0176193037784
"811",3.63441922819478
"812",6.39990553913769
"813",-1.60092398607864
"814",18.4200667338121
"815",-1.15522161078436
"816",13.3382265406331
"817",13.3465177340731
"818",-1.64355626567785
"819",3.54562527468238
"820",4.00114139897969
"821",2.98175123426025
"822",-10.6212462515947
"823",13.0579507475657
"824",6.59936387378489
"825",7.94084364541624
"826",4.6977677448784
"827",9.39866148080393
"828",6.1566259371233
"829",10.5669324788236
"830",11.0376170526656
"831",-5.80038503826925
"832",7.11536417496417
"833",13.8346388478907
"834",-11.2642388633956
"835",10.595681303951
"836",8.31561284122385
"837",14.5968994679648
"838",-3.6002736187349
"839",-9.96648133648169
"840",5.19973345572999
"841",4.8814711352825
"842",7.02401309526198
"843",3.91093228529645
"844",11.9049304831083
"845",8.61913588350298
"846",12.7932786160977
"847",-9.54971608952263
"848",3.37595091144133
"849",4.19470372766009
"850",-3.59405244320087
"851",-0.882366473083898
"852",18.4306059246065
"853",0.765643380599736
"854",-10.7587612448812
"855",3.56547144746025
"856",-6.18018592227974
"857",5.73113427699782
"858",-8.22496766671003
"859",3.50882970585109
"860",-12.0906819255241
"861",-3.62988336452331
"862",9.74964602340159
"863",-0.299829581083681
"864",8.49643753669078
"865",7.65051119009578
"866",-1.66236786199741
"867",17.1389840703796
"868",14.7145868858298
"869",4.77378800160072
"870",-1.60387629974878
"871",-4.61793389969411
"872",4.4920270089424
"873",6.26812672593514
"874",0.768250326794099
"875",-4.74563842256878
"876",14.8081864184441
"877",3.90337642608609
"878",8.13044895847379
"879",-0.375687367138897
"880",5.04255011328923
"881",6.87777741951537
"882",-10.2252662821846
"883",-6.95771476451341
"884",14.8182175941272
"885",-2.95690682369571
"886",-12.6055828410982
"887",2.05139586582825
"888",-3.33317887222561
"889",8.38940467722628
"890",6.54282422293959
"891",13.4132991991081
"892",4.66889152689209
"893",4.92958366567439
"894",7.54494623287028
"895",5.19288770102999
"896",15.0953948881905
"897",13.1802748108849
"898",-2.07204083036764
"899",4.91797768952858
"900",5.69224513153517
"901",1.15362517453558
"902",0.894080770346722
"903",-6.78851438309455
"904",12.5574086163487
"905",7.99593014118234
"906",3.88691790951928
"907",8.9590983112419
"908",3.88797292553094
"909",-0.745068366539421
"910",19.9011491008525
"911",13.0698216824238
"912",5.07776296592456
"913",14.2629616089106
"914",-5.27933202353949
"915",-0.642787393436953
"916",2.19960884087791
"917",12.7757768445075
"918",-2.13643691995087
"919",1.99978694420907
"920",6.09509622281093
"921",1.564055529657
"922",-1.61015788033409
"923",0.977948191167782
"924",6.76690327851309
"925",-3.78851018765587
"926",10.3211133703874
"927",5.01456695884026
"928",12.634250498821
"929",22.8383957013516
"930",-2.32351244222255
"931",16.1449648173302
"932",3.04357664277989
"933",2.42980679103438
"934",3.60097777174838
"935",17.4852568989459
"936",8.72126585439753
"937",13.7698110064217
"938",3.41242080442501
"939",8.8654923883213
"940",15.8597879381112
"941",-5.82946784823193
"942",10.1129261625852
"943",-5.60928815773793
"944",9.65745203626564
"945",19.9930632356482
"946",-5.0371932883138
"947",9.31948567541361
"948",13.3095864502256
"949",6.39114809164317
"950",-2.15222396519181
"951",3.36126552860831
"952",4.38491073903938
"953",7.75643646631722
"954",8.31857293389228
"955",10.1035638797134
"956",0.385327396404636
"957",-3.7588754288123
"958",12.5350463472683
"959",-5.22552992885657
"960",10.338241164372
"961",8.55244720392194
"962",3.5386386971497
"963",21.8450741352508
"964",10.9736736100356
"965",2.01115323523452
"966",-1.82489163357077
"967",12.658948423408
"968",-4.39829915973687
"969",3.49155215800286
"970",-1.89748190502693
"971",-3.57678427770883
"972",9.78661952964416
"973",-10.5435566328372
"974",16.1546546391546
"975",-10.5689395640733
"976",7.51157749706693
"977",11.5814023237136
"978",-11.1972507454419
"979",15.3767615502675
"980",17.4899010573381
"981",6.97808875031724
"982",-8.80405411661012
"983",9.03127829084736
"984",4.29695943702159
"985",15.4565728435134
"986",7.04202018011896
"987",-2.17205460964516
"988",-3.42671955177122
"989",-0.0987249684306182
"990",14.7596978313047
"991",2.71238323316139
"992",4.4434483780906
"993",13.7213059699165
"994",2.73933544183099
"995",6.2100114029274
"996",21.1041359142045
"997",7.92255271778651
"998",6.46362607874268
"999",5.81119608488278
"1000",-1.20253817049579
"1001",13.3752236621525
"1002",-8.44546367826153
"1003",6.62642703663847
"1004",2.61484752830627
"1005",-1.99656186625001
"1006",10.9453065793083
"1007",-6.35801687110951
"1008",21.3032326869598
"1009",12.362600319526
"1010",0.197127278264603
"1011",10.3324840534913
"1012",8.2410011909569
"1013",-0.325677244957525
"1014",7.1538796362042
"1015",0.569138609941783
"1016",-1.41435720479293
"1017",0.243701010555713
"1018",4.58723261409799
"1019",-10.6552768173722
"1020",12.4756420140189
"1021",4.23704107249428
"1022",9.15314056321908
"1023",-7.33924516579915
"1024",14.0127898999962
"1025",3.8520969236841
"1026",13.7369065897493
"1027",20.221196142105
"1028",8.06073816658095
"1029",-5.258997389144
"1030",-9.51733499430355
"1031",-6.16130077366692
"1032",11.0340635380098
"1033",0.085045456066112
"1034",-8.50746767580652
"1035",0.803918030154948
"1036",17.2580527272449
"1037",4.20061805776994
"1038",5.12009399521319
"1039",-2.30885870361765
"1040",-5.45888122245108
"1041",1.91895912156151
"1042",-8.1883709604732
"1043",11.3310326520078
"1044",8.98450407319281
"1045",-0.610047568912969
"1046",-8.02705824555348
"1047",5.35023685871563
"1048",5.67458985064894
"1049",10.9032633584898
"1050",-0.883960317238522
"1051",7.56313552164447
"1052",7.40517579613593
"1053",1.52560121622084
"1054",8.74656935191998
"1055",5.80146840761208
"1056",0.61529504803793
"1057",12.3503636448678
"1058",1.56441577201448
"1059",15.532034175598
"1060",9.85883203581674
"1061",9.42906065338993
"1062",-4.12784733808684
"1063",1.22469364565385
"1064",-0.64257813855634
"1065",-2.49866426289942
"1066",9.93965140212014
"1067",3.69760071667788
"1068",4.18157997376083
"1069",0.122073893224403
"1070",-1.08671883827943
"1071",-12.7290027970928
"1072",8.6425497468886
"1073",2.18086672022799
"1074",-0.976613278175612
"1075",4.23479811429491
"1076",8.17201762436549
"1077",-1.54079342327117
"1078",-8.98429628259758
"1079",5.09572237399282
"1080",-3.08867377719283
"1081",-2.56767737902323
"1082",9.03572491386859
"1083",-1.98869286409528
"1084",1.07284956270225
"1085",9.43797249204906
"1086",12.6613169551805
"1087",-3.04576317952781
"1088",12.6986410934075
"1089",12.5895947270566
"1090",-7.84358399330066
"1091",11.4056003291791
"1092",12.9656171045331
"1093",6.59261870412905
"1094",-4.19625939098613
"1095",12.8371622768407
"1096",3.59262404391338
"1097",4.8381359478457
"1098",-2.06893455668525
"1099",1.45519863061523
"1100",10.7055401932318
"1101",3.44025329445698
"1102",13.1044844273071
"1103",4.67473860502638
"1104",5.51501703425475
"1105",13.253441531373
"1106",-0.871809869132452
"1107",10.6778789832526
"1108",6.14231130633728
"1109",-0.337829967854015
"1110",-7.05353041788216
"1111",7.00912619529486
"1112",-0.292783252746911
"1113",13.8834827662451
"1114",-3.45684498294176
"1115",0.430041880966306
"1116",19.5318428918304
"1117",0.671735880104389
"1118",20.5764137877298
"1119",0.470085314479062
"1120",7.23466738720569
"1121",24.4388194171828
"1122",-2.91686122513666
"1123",6.45447237689328
"1124",8.81351482470217
"1125",0.808416410635989
"1126",-6.79278196987029
"1127",12.078614303748
"1128",5.33918930254055
"1129",2.94911211743508
"1130",3.54469055684848
"1131",13.1388033413282
"1132",7.79631448214142
"1133",1.6537922390656
"1134",15.475008284373
"1135",-7.88977426973227
"1136",20.1020632844108
"1137",3.49205818905283
"1138",-4.13966465092448
"1139",8.31245835930665
"1140",16.2917553351454
"1141",8.23176297343324
"1142",0.517347895086481
"1143",15.6810239267539
"1144",4.32894987794499
"1145",7.07880736633876
"1146",1.80914756093838
"1147",3.12581250855879
"1148",5.72597092177012
"1149",6.44444764040766
"1150",18.2296973980849
"1151",-2.81865557638827
"1152",16.5810266052448
"1153",13.9079338688394
"1154",2.10589754094985
"1155",2.70333472409642
"1156",7.7921178121391
"1157",19.8460037613981
"1158",1.3579728234722
"1159",6.41439214701595
"1160",8.78970070783616
"1161",3.94222053148078
"1162",-1.44760381230223
"1163",0.897707216595101
"1164",0.345971953293989
"1165",11.9660619684277
"1166",16.720400577583
"1167",-2.76477394857238
"1168",16.0287721459515
"1169",6.97643125397069
"1170",-5.76246751451883
"1171",14.4820617010793
"1172",14.1871601763293
"1173",2.39013739246746
"1174",-7.37835526362074
"1175",-4.55349832451331
"1176",3.58877940312177
"1177",12.7062393264209
"1178",10.8333952675793
"1179",2.3202951718081
"1180",12.0137249692837
"1181",-0.80507079946096
"1182",13.3215058440149
"1183",-1.32369867755749
"1184",10.5782213819232
"1185",5.69961843188576
"1186",0.164096080294764
"1187",11.0124722366267
"1188",5.43558956524855
"1189",6.74478054068608
"1190",-7.54089139488658
"1191",-3.25216679626897
"1192",-6.76557052456056
"1193",8.62168196786287
"1194",-3.60314417864273
"1195",-4.36355304101284
"1196",3.11458821950068
"1197",-1.03374884197865
"1198",7.9248104659122
"1199",-5.8368428758955
"1200",13.5840170351395
"1201",15.0350993790643
"1202",7.77155341906421
"1203",5.23187669844118
"1204",10.0736557213726
"1205",14.3463111377637
"1206",-8.70246282489546
"1207",1.32904293424499
"1208",-5.27126028873473
"1209",11.1588586029305
"1210",-3.46588813710424
"1211",-4.54589479800903
"1212",8.09332452565737
"1213",3.57686657352033
"1214",6.55151788111727
"1215",9.67818583411972
"1216",9.32564386304445
"1217",1.6136523118563
"1218",2.95903914545716
"1219",13.9620009352792
"1220",15.6821909364468
"1221",4.40734774653091
"1222",-7.96545973520571
"1223",5.6688174923926
"1224",3.21043184720448
"1225",12.5528699372198
"1226",3.78617336835684
"1227",3.52552107290838
"1228",3.31790830423028
"1229",-10.5664680732371
"1230",11.3168357586785
"1231",0.442525247195811
"1232",4.12637083048344
"1233",18.6952751533049
"1234",-5.88989602678332
"1235",3.75513248745392
"1236",8.00844260771351
"1237",5.0944369612778
"1238",-2.62501147216893
"1239",0.156200460718509
"1240",2.84768440304768
"1241",14.7655332671425
"1242",1.51072669301547
"1243",-1.9593138694063
"1244",13.599510724255
"1245",6.25701562938391
"1246",17.5600528509271
"1247",-8.4902326619881
"1248",5.88124295735202
"1249",1.7016620031446
"1250",-5.45952170634454
"1251",14.1758238344425
"1252",12.3770244122231
"1253",4.13243339873497
"1254",7.10037338260138
"1255",0.200688774400922
"1256",3.66909828824771
"1257",7.91280821858986
"1258",3.71996939136287
"1259",11.1091605542822
"1260",15.7483138290682
"1261",0.837051693208165
"1262",9.57890809230143
"1263",-7.7092927465917
"1264",2.02099002216961
"1265",7.61955023537352
"1266",3.14270437849964
"1267",1.8780048250304
"1268",9.74464122862593
"1269",-1.10265613090293
"1270",-10.0797899380995
"1271",6.01602564711841
"1272",-0.450832901927898
"1273",1.62474750277875
"1274",2.98571574522361
"1275",-0.470123522932543
"1276",-0.35625266270929
"1277",0.98745175380332
"1278",3.1929592661311
"1279",-7.99293431736707
"1280",10.6454721167968
"1281",13.0559014075816
"1282",1.79762386767793
"1283",7.68455750161571
"1284",17.84483739601
"1285",10.5663775790972
"1286",-0.867166168545295
"1287",-1.49047434799591
"1288",6.98549489139081
"1289",7.41835733426106
"1290",8.1225706556051
"1291",1.79056199096269
"1292",5.52638658016224
"1293",1.56522229883617
"1294",15.7420161417376
"1295",4.40722078634927
"1296",9.12420120781098
"1297",6.04693386958129
"1298",4.37502645721915
"1299",-0.13122151418688
"1300",10.4602534909277
"1301",5.28382149049702
"1302",10.6754872556098
"1303",4.36453871184516
"1304",-7.3233704135626
"1305",1.91165944201076
"1306",-2.1285349423778
"1307",4.25258444985298
"1308",-4.69706814953926
"1309",13.5501055234383
"1310",5.38300120023753
"1311",-3.92307620023865
"1312",10.0049558192234
"1313",12.646170560124
"1314",-7.71107534200031
"1315",13.7043457854503
"1316",16.0307133328059
"1317",-0.648447151586558
"1318",0.584891799133632
"1319",0.91851722310054
"1320",3.07744060457465
"1321",18.0200371673125
"1322",11.8699747700019
"1323",-2.38857530283426
"1324",14.1656195698751
"1325",11.3464933707372
"1326",12.0440351580583
"1327",-10.4278025408904
"1328",10.2397163113663
"1329",19.0131540827381
"1330",-5.31988600778671
"1331",-2.51210071719913
"1332",2.8259103068703
"1333",13.978384725649
"1334",1.81545726085203
"1335",1.60636690308526
"1336",6.89831363789834
"1337",9.75027228844073
"1338",1.79740908281298
"1339",-4.92121915568857
"1340",2.96461217634268
"1341",-1.55728231559747
"1342",6.65003397227561
"1343",5.12701636075568
"1344",15.8980245318056
"1345",14.2836167619878
"1346",-5.22203905211264
"1347",13.1242880509267
"1348",9.03277684977185
"1349",-6.4665175642427
"1350",-6.59861289290563
"1351",5.98979194757288
"1352",-9.85896179259
"1353",0.749978019252731
"1354",10.0960754323528
"1355",-1.4365089289631
"1356",12.0568151152352
"1357",9.02780139465898
"1358",5.32736549187324
"1359",7.53119795895557
"1360",8.73251446384786
"1361",8.47073869625396
"1362",8.00956043856783
"1363",-6.44735502935541
"1364",11.7927160363535
"1365",-4.44563437303959
"1366",-3.55685316177752
"1367",5.04802698524301
"1368",-1.34090893311453
"1369",11.4377954528295
"1370",4.4571752134873
"1371",8.44574288481464
"1372",3.3368686518235
"1373",-1.60000441180413
"1374",10.1791316408995
"1375",-11.1465328034074
"1376",5.89919750683837
"1377",10.9416998778519
"1378",3.24284438910994
"1379",6.01548263373222
"1380",12.8153233179467
"1381",3.92961967710873
"1382",-2.1852051135004
"1383",7.49466232663637
"1384",3.20598159713515
"1385",10.3124821002538
"1386",3.70204191535029
"1387",9.24122964885806
"1388",8.9389247177636
"1389",-1.50565622095398
"1390",19.4271804738585
"1391",-9.37650284281661
"1392",13.0163628383635
"1393",7.43658819793329
"1394",0.973146044989018
"1395",-0.699717798714904
"1396",16.2195017734987
"1397",-1.06132915181484
"1398",-5.39339014105659
"1399",3.74922207377686
"1400",-5.98509574041131
"1401",9.31479777012503
"1402",-0.670199493940214
"1403",9.92382762729242
"1404",-2.43831412018483
"1405",-0.751602412845528
"1406",19.0856870644712
"1407",-1.93461803461041
"1408",11.6190855088949
"1409",3.48150714652672
"1410",-8.70912371138802
"1411",4.90896331481864
"1412",16.7241408721268
"1413",-0.865293835686693
"1414",1.31171691973876
"1415",7.85650536739367
"1416",6.40834099868596
"1417",2.3348298194032
"1418",-0.553993122992022
"1419",9.02348202537059
"1420",13.88756535585
"1421",-7.20664118782506
"1422",7.13022162023781
"1423",-7.33751983503828
"1424",4.73941745786728
"1425",14.7781098198507
"1426",-9.24839064444959
"1427",13.5650897337152
"1428",8.49652946631738
"1429",-2.29864435832113
"1430",-7.85781878216679
"1431",8.02371710524919
"1432",7.28637789162081
"1433",9.1439702395039
"1434",3.66901085351928
"1435",5.60666942956688
"1436",8.98756032510718
"1437",-2.80761324973647
"1438",0.677456617746314
"1439",-13.8175430757907
"1440",5.30392524487794
"1441",13.1963875045664
"1442",-7.09876615996138
"1443",-0.151268477094506
"1444",12.1467104447841
"1445",-8.24172042339382
"1446",6.3198331150414
"1447",8.68428166007008
"1448",-2.72289479877754
"1449",5.07247409489399
"1450",-9.02832288033711
"1451",11.925039518513
"1452",-0.864812864768372
"1453",-2.96420554536731
"1454",5.34034690783413
"1455",-1.35786486091531
"1456",19.4481338270736
"1457",9.34478411440112
"1458",-8.90985814318763
"1459",-0.22962298443898
"1460",7.09352615964049
"1461",11.4683050558395
"1462",-9.96053135763829
"1463",12.1743926781996
"1464",-0.93222557599153
"1465",6.32121308981643
"1466",-4.91973890477475
"1467",0.0879821724033443
"1468",2.05506454167783
"1469",-4.30710901514918
"1470",13.9150963309527
"1471",2.83458973255792
"1472",6.24966018828652
"1473",8.93194432579554
"1474",-2.01726013889793
"1475",16.2246092265902
"1476",25.0221821828738
"1477",-2.18270200767234
"1478",-0.400266668259
"1479",7.99068585449894
"1480",4.57188300342285
"1481",4.31715864234575
"1482",-7.30507324472018
"1483",-5.37972870579075
"1484",-0.0962347536227721
"1485",-3.31808897576482
"1486",19.7253584931032
"1487",-0.225993562696544
"1488",7.08904365772732
"1489",6.87926078556165
"1490",-5.87777393365837
"1491",6.05397848875071
"1492",7.54896387228756
"1493",1.53811862319554
"1494",3.34302240377089
"1495",4.83563802865803
"1496",-0.725611373874997
"1497",1.92096474882349
"1498",0.930647092987379
"1499",8.78703076187401
"1500",13.0722968263031
"1501",3.07203994005691
"1502",13.0179836386654
"1503",-6.90897338040481
"1504",8.89735440433133
"1505",6.10348269043469
"1506",-7.53704146736903
"1507",9.39156562462725
"1508",8.4338193357115
"1509",7.40705874186675
"1510",2.71180015743275
"1511",5.70828139272741
"1512",-2.21183310212114
"1513",10.7227664096619
"1514",-7.09591586425841
"1515",2.27246424682252
"1516",11.8819132986191
"1517",-1.39378247454127
"1518",-5.92197298480468
"1519",-8.83629762235816
"1520",19.6496131649713
"1521",10.8414312896858
"1522",-11.0645509447824
"1523",12.8551568954473
"1524",7.67211565972077
"1525",1.93801232988895
"1526",-12.6979191258789
"1527",9.90335959816947
"1528",-3.65484700402925
"1529",7.11508595046267
"1530",4.29041212942926
"1531",9.08750570965223
"1532",2.04559084892343
"1533",-3.92016225413941
"1534",8.24635213393412
"1535",-1.81426439692789
"1536",2.4037645036404
"1537",16.489351110765
"1538",0.882677779036048
"1539",8.02007092503025
"1540",3.68395779526381
"1541",4.07937855535681
"1542",-10.212895092441
"1543",8.21152037011288
"1544",-4.89945347083021
"1545",12.6769854322338
"1546",1.82551140938275
"1547",5.15365986690353
"1548",5.99576407135525
"1549",-3.86689509038564
"1550",13.018000109123
"1551",2.83809738939458
"1552",11.6086506096814
"1553",4.9791322253887
"1554",-10.380944836836
"1555",9.44850797323594
"1556",5.58546261565954
"1557",2.57635415054595
"1558",-4.54288656043245
"1559",-1.50600228694756
"1560",-9.546008326202
"1561",19.2514192760014
"1562",8.44052086041309
"1563",-5.8660933110083
"1564",1.58132427170488
"1565",3.71946951894545
"1566",11.1819234447051
"1567",-0.391745082211745
"1568",13.0646236467
"1569",13.096430473266
"1570",10.1625991883934
"1571",1.59098219619555
"1572",18.2778915859382
"1573",9.77418995439625
"1574",-12.4285777205719
"1575",-10.8153383601056
"1576",0.113346569133997
"1577",7.30501239328483
"1578",3.96322261868828
"1579",8.03376314575665
"1580",1.9387110915552
"1581",-6.74237986448398
"1582",12.7225189495167
"1583",-2.40074179544173
"1584",11.5466515717432
"1585",9.8470648089954
"1586",3.88046289916212
"1587",-1.48706572689351
"1588",10.2552790763822
"1589",-2.10013825612099
"1590",3.9257613755565
"1591",-0.703910313150973
"1592",-3.16991903945693
"1593",-4.09402065190236
"1594",7.98286984556394
"1595",2.33180764074359
"1596",-1.87243882559504
"1597",-2.7155098101489
"1598",19.1326973287763
"1599",-2.8991924445443
"1600",4.74003112891345
"1601",9.46992182293453
"1602",7.07216979941517
"1603",15.5076928084625
"1604",6.35397087281068
"1605",2.15946524255629
"1606",-1.76282886125859
"1607",10.2719537611936
"1608",-6.77994317596279
"1609",4.69053266513548
"1610",8.4722332076111
"1611",4.83848652879527
"1612",4.98576344059924
"1613",-4.6446393642422
"1614",10.4368491281512
"1615",0.215808058941916
"1616",18.0752225393969
"1617",3.08787096242753
"1618",8.89568280970028
"1619",12.0920678047645
"1620",10.8675722248743
"1621",1.21144984855312
"1622",-6.07418228091103
"1623",13.1680330622619
"1624",-3.84577178177041
"1625",9.91852029535392
"1626",3.02698440962435
"1627",10.2783246053371
"1628",7.85456036049586
"1629",3.21240436300805
"1630",13.4284873286526
"1631",-6.01223992726201
"1632",5.8811593685116
"1633",8.21258727393693
"1634",-8.57582391341018
"1635",12.2661357368588
"1636",10.4031209893277
"1637",-0.918880456729351
"1638",-2.98567418457073
"1639",-2.79800436070152
"1640",-3.95903793204736
"1641",5.64695225319148
"1642",-6.19478954605442
"1643",-0.0863027231458027
"1644",13.7807357043016
"1645",13.739172703701
"1646",-0.372563422153381
"1647",5.8054973620238
"1648",1.51067658733737
"1649",9.1085280435281
"1650",-15.413619674415
"1651",12.6267158193512
"1652",10.7477284879086
"1653",2.00234623960975
"1654",-3.565245429279
"1655",0.587969819910442
"1656",-3.94949231927911
"1657",10.991282316815
"1658",-6.10226773063926
"1659",7.06192912138605
"1660",10.9421973088214
"1661",-7.01924967396483
"1662",4.27699406762481
"1663",-3.45367130510803
"1664",4.30858753811085
"1665",7.03022596599907
"1666",9.08852270550718
"1667",-0.935413037198647
"1668",17.0252743202977
"1669",11.537464190301
"1670",-4.92834023721184
"1671",2.59029806861854
"1672",5.53609506626235
"1673",12.2652493101865
"1674",6.72808299089957
"1675",9.74731558696495
"1676",-3.66525483005756
"1677",-6.81758619980293
"1678",5.90017660352107
"1679",7.76114833923914
"1680",7.38946865893823
"1681",5.96416432251231
"1682",-10.0548094234868
"1683",12.2052168996877
"1684",10.813244590903
"1685",1.3791412501105
"1686",-0.296437379532863
"1687",3.12721632498095
"1688",0.862168821424873
"1689",-1.07143641757258
"1690",-5.66246218078323
"1691",0.12670162037464
"1692",2.06530760508571
"1693",7.44677933256189
"1694",17.5212149773378
"1695",5.05562422371541
"1696",15.3577654069011
"1697",12.0168279807947
"1698",-3.46008331712057
"1699",5.07421660383931
"1700",10.6447918365404
"1701",-2.2680157431452
"1702",-8.48384555769844
"1703",9.33806106953147
"1704",-12.3694467283703
"1705",-2.23695055075084
"1706",1.60149340611435
"1707",6.21194924874799
"1708",-8.9489094837546
"1709",-7.85719996784473
"1710",9.38957787474197
"1711",-8.29846292337235
"1712",17.3206747909375
"1713",6.2057812117361
"1714",-5.82918178693987
"1715",15.8659443646183
"1716",9.45516506288084
"1717",2.75259425371548
"1718",-13.3221570397645
"1719",-1.49156785734947
"1720",-6.51076119131843
"1721",3.0214585558301
"1722",7.95583888493532
"1723",-6.67280362327021
"1724",-4.36871937071451
"1725",1.21872140012283
"1726",9.33137670540129
"1727",-7.66924510719644
"1728",2.16401328123586
"1729",2.18912706539587
"1730",6.19001475531472
"1731",-4.19214175353189
"1732",15.0475707553512
"1733",11.0049125056401
"1734",-1.02972070995108
"1735",-1.74317625948019
"1736",1.24032050517114
"1737",2.35535292115842
"1738",5.77870293045363
"1739",7.60645526248685
"1740",-4.83601400969543
"1741",12.1060593257248
"1742",7.39611796379788
"1743",-7.8365796779162
"1744",5.04654174016603
"1745",8.48026494442861
"1746",-3.87802101669437
"1747",-0.719214897562442
"1748",6.76196175541499
"1749",4.10613573066021
"1750",0.883827439727256
"1751",12.7582360299101
"1752",-4.90883464952149
"1753",6.47543535209893
"1754",-1.0545006007147
"1755",3.2908345588287
"1756",7.66052027089718
"1757",11.9928260047121
"1758",17.4418967186949
"1759",3.69987133810999
"1760",20.01297671544
"1761",-2.21143583038147
"1762",5.8091977804171
"1763",3.70139023604531
"1764",14.6507347765996
"1765",5.62620940800465
"1766",-7.68274345803503
"1767",2.63586780096651
"1768",4.65808146550829
"1769",7.91779225061231
"1770",1.44976760259072
"1771",4.13596239112
"1772",14.451301816805
"1773",-0.594209652350152
"1774",8.50064536629699
"1775",-4.96166486147044
"1776",10.2822056553924
"1777",2.04816406207063
"1778",-6.56963653753875
"1779",8.09490301201238
"1780",17.1092638989994
"1781",-1.73117338953409
"1782",7.82156809640105
"1783",12.1195243370878
"1784",12.4558027184445
"1785",10.6631488650952
"1786",-4.58263736216707
"1787",4.62336750025365
"1788",6.38321834214059
"1789",3.10069630160826
"1790",6.47765657993368
"1791",-9.52145975464457
"1792",3.68888517511226
"1793",5.34687638321844
"1794",-6.8609183749295
"1795",11.0128555954491
"1796",7.40305009538324
"1797",2.40527422929496
"1798",-9.33642946633127
"1799",0.65390051287011
"1800",-2.66438500721626
"1801",10.9999386974122
"1802",1.78892617797287
"1803",3.72481770088784
"1804",10.9429790631469
"1805",1.01716048379661
"1806",10.6453241643594
"1807",18.0505475855846
"1808",12.1228430064825
"1809",4.73936107242641
"1810",-12.428708151861
"1811",21.3007820721774
"1812",21.3000283931807
"1813",4.47312392604407
"1814",-4.14849536076457
"1815",4.15477653881458
"1816",-0.955999570487296
"1817",9.04855809556486
"1818",-5.04734752559881
"1819",-3.06378926745457
"1820",-3.99562995368507
"1821",1.2861048672062
"1822",17.561282858317
"1823",0.340657015645695
"1824",9.87333055509075
"1825",4.12777494582881
"1826",-5.81904147262693
"1827",3.01403375049877
"1828",6.39967123883492
"1829",3.51599131387888
"1830",-6.14428013909923
"1831",4.54687055077188
"1832",-6.58126505980598
"1833",3.8181498025253
"1834",3.08271675970135
"1835",4.04471754965509
"1836",-0.50245977244782
"1837",-10.0427407029484
"1838",2.96507133253872
"1839",-0.663935952053154
"1840",8.72313055702713
"1841",10.0279796793054
"1842",-2.00170964886744
"1843",6.88411591940863
"1844",6.12713990366875
"1845",-0.246340080254731
"1846",6.83648970722582
"1847",9.12339463507483
"1848",2.92687738593102
"1849",11.4628723797415
"1850",-10.986484674969
"1851",0.1909409283782
"1852",7.35151511529968
"1853",7.4671297633773
"1854",11.2091464435716
"1855",-3.39873341299711
"1856",2.96300021179942
"1857",5.21213836362557
"1858",-1.73912776706099
"1859",9.32740119911377
"1860",11.3042005827158
"1861",5.48446214688074
"1862",3.50120827164857
"1863",4.48921300818373
"1864",-3.81961524871262
"1865",17.9987013307179
"1866",2.26123798978271
"1867",1.09541097116684
"1868",1.43834533247821
"1869",2.84981360448246
"1870",8.70941152703309
"1871",-0.197363182217428
"1872",8.08027969486395
"1873",14.114091882981
"1874",4.53038755631448
"1875",2.41559604800394
"1876",1.84147987181265
"1877",-0.315582028671856
"1878",-1.28134321265558
"1879",0.576246907905762
"1880",-2.62314486720405
"1881",5.67682293039828
"1882",9.31111341709875
"1883",1.98793874320063
"1884",-2.62846331622113
"1885",4.34784055156168
"1886",-0.485802299808433
"1887",-14.2955649947504
"1888",6.52012549071818
"1889",-3.74337573264111
"1890",2.08457871872975
"1891",10.1720417820547
"1892",-0.278336032957926
"1893",6.45151243602386
"1894",-5.31292054808977
"1895",6.88937011920095
"1896",-2.88335696637197
"1897",9.66254933674453
"1898",-2.13370942242166
"1899",2.84480258614093
"1900",10.1900423526676
"1901",4.31459860098804
"1902",18.4770148318152
"1903",-4.68761220391355
"1904",10.8601734193019
"1905",0.530989126595703
"1906",2.21741190358571
"1907",3.81552162822213
"1908",2.18891907741211
"1909",7.93330047920509
"1910",-2.75618524639878
"1911",5.66333405490165
"1912",-0.596680418719462
"1913",9.47392926042454
"1914",-13.1035388924457
"1915",-0.856998047645445
"1916",3.57607492883885
"1917",2.24038528008016
"1918",14.3160263442384
"1919",3.866049785988
"1920",5.34485349253828
"1921",15.6009160673595
"1922",1.66654991358136
"1923",5.10190150344246
"1924",11.919268974688
"1925",2.35802654678224
"1926",-4.1036850511376
"1927",-1.3700907230316
"1928",7.97994590439975
"1929",13.9672074793938
"1930",5.37835139808716
"1931",11.9286778435283
"1932",7.50811800452105
"1933",1.12177928647146
"1934",5.40472880551567
"1935",-13.4079786827666
"1936",5.56911838992258
"1937",18.1233957396754
"1938",-7.69148050569456
"1939",3.75043159605587
"1940",16.1775236052401
"1941",18.2990355979146
"1942",5.63319652645359
"1943",5.91149910113904
"1944",-4.32741515016964
"1945",-1.06717206111335
"1946",7.2083509164193
"1947",-2.7579701735539
"1948",8.72324238468351
"1949",-3.9963756573132
"1950",16.7809207469509
"1951",2.98232744316866
"1952",5.6138243854823
"1953",14.8718032867432
"1954",2.55498153107667
"1955",-1.73803658202397
"1956",11.753527331746
"1957",-1.38323314213405
"1958",-10.9018240887313
"1959",2.39714100156044
"1960",-7.01340377209498
"1961",-1.88217982204226
"1962",10.733788373802
"1963",5.34792607424764
"1964",16.6485146939995
"1965",10.7491023543224
"1966",2.62406427673073
"1967",-12.3100049848338
"1968",-1.40997735771959
"1969",6.97154165536723
"1970",-4.31772841153373
"1971",-2.69970442315269
"1972",10.6680834367751
"1973",8.24302833717121
"1974",5.08552748199907
"1975",9.60995863690176
"1976",6.37812848915888
"1977",9.80013491512956
"1978",0.050479817236587
"1979",1.71473495411773
"1980",9.44128968669258
"1981",-4.28087302004066
"1982",9.17598013333132
"1983",-5.677755587775
"1984",8.92903074924586
"1985",12.3494920226893
"1986",-2.30273731764939
"1987",5.00990314558247
"1988",13.4366680431332
"1989",3.58215007406198
"1990",-9.30395612892522
"1991",15.4696695654952
"1992",-6.51923044109054
"1993",18.1663913852127
"1994",2.22813350341476
"1995",7.8972141244425
"1996",11.3601835688499
"1997",12.5334392916349
"1998",7.77252039189238
"1999",-4.7237175174556
"2000",4.97203710403839
